{
	"crlb_min": 9.082822570183277,
	"crlb_max": 12.684410140864083,
	"sequence_min": [
		"T2prep80",
		"noPrep",
		"T2prep40",
		"TI12",
		"noPrep",
		"T2prep40",
		"noPrep",
		"T2prep80",
		"TI12",
		"T2prep160",
		"TI300",
		"T2prep160"
	],
	"sequence_max": [
		"TI300",
		"T2prep40",
		"T2prep160",
		"TI12",
		"T2prep40",
		"T2prep160",
		"T2prep80",
		"TI12",
		"T2prep80",
		"noPrep",
		"noPrep",
		"noPrep"
	],
	"count": 57210,
	"count_min": 27601,
	"count_max": 3769,
	"duration": "8:46:51.160604",
	"T1": 661.5,
	"T2": 56.8,
	"M0": 1,
	"TE": 1.4,
	"crlb_ref": 9.78499887879602,
	"sequence_ref": [
		"TI12",
		"noPrep",
		"T2prep40",
		"T2prep80",
		"T2prep160",
		"TI300",
		"noPrep",
		"T2prep40",
		"T2prep80",
		"T2prep160",
		"TI12",
		"noPrep"
	]
}