{
	"index_min": 2910518,
	"index_max": 3161331,
	"crlb_min": 9.06738375298916,
	"crlb_max": 12.668883698838448,
	"sequence_min": [
		"T2prep80",
		"TI12",
		"noPrep",
		"T2prep40",
		"TI300",
		"T2prep160",
		"T2prep160",
		"noPrep",
		"T2prep80",
		"noPrep",
		"T2prep40",
		"TI12"
	],
	"sequence_max": [
		"TI300",
		"T2prep40",
		"TI12",
		"T2prep80",
		"T2prep160",
		"noPrep",
		"noPrep",
		"TI12",
		"T2prep40",
		"T2prep160",
		"T2prep80",
		"noPrep"
	],
	"count": 93269,
	"T1": 661.5,
	"T2": 56.8,
	"M0": 1,
	"TE": 1.4,
	"crlb_ref": 9.78499887879602,
	"sequence_ref": [
		"TI12",
		"noPrep",
		"T2prep40",
		"T2prep80",
		"T2prep160",
		"TI300",
		"noPrep",
		"T2prep40",
		"T2prep80",
		"T2prep160",
		"TI12",
		"noPrep"
	]
}