{
	"count": 51,
	"count_min": 26,
	"count_max": 46,
	"duration": "0:00:28.779087",
	"T1": 661.5,
	"T2": 56.8,
	"M0": 1,
	"TE": 1.4,
	"crlbs": [
		10.903331962241726,
		10.698500872120993,
		9.154644490502909,
		20.768034523901978,
		14.670974045252114,
		9.741793139916627,
		7.748648408264513,
		10.105005328270929,
		13.040880105594837,
		14.249885269721057,
		14.368030607803579,
		12.301125659250904,
		15.763162348731024,
		8.153006608463674,
		8.246153545180078,
		8.12261307824169,
		7.827937539411371,
		9.34711105197574,
		9.094611211530648,
		15.32313206250861,
		11.837534199324041,
		15.15658141358323,
		16.773543722624375,
		15.04785827433683,
		12.406939539387881,
		13.593066008447746,
		7.638890073743457,
		9.925315832807879,
		13.7788886120003,
		10.282278816557847,
		14.055013695285483,
		10.012871678585913,
		14.794814634042359,
		13.735740689368745,
		9.992650262064199,
		9.018524060274816,
		9.880675518621,
		9.923985701618363,
		9.48244859379365,
		17.66521788691202,
		8.315839885189327,
		8.580088261361924,
		8.14454064285501,
		8.463506322474172,
		10.974712672661262,
		20.542418786582832,
		22.074638504992244,
		8.802574997465129,
		16.59529720699946,
		13.343250513303293,
		13.728446005412229
	]
}